ABI,DS_ABI,TIPO
"08351","BANCA DI CRED.COOP. DI ASCIANO","A"
"08354","C.R.A. DI AVETRANA","A"
"08356","BANCA DI CRED.COOP. PORDENONESE","A"
"08358","C.R.A. DI ALBERGHI DI PESCIA","A"
"08361","BANCA DI CRED.COOP.DEL TUBENNA","A"
"08362","C.R.A. DI ARBOREA","A"
"08364","C.R.A. DELLA VALLE DEL MELANDRO","A"
"08365","BANCA C.COOP.ALTO TIRRENO CALAB.","A"
"08366","BANCA CREDITO COOP.DI BUGUGGIATE","A"
"08369","C.R.A. DI BAGNOLO CREMASCO","A"
"08374","BANCA CRED.COOP.BARLASSINA","A"
"08375","BANCA CREDITO COOP.DI BASILIANO","A"
"08377","B.C.C. DI BASSANO ROMANO","A"
"08378","CRA-BCC BATTIPAGLIA E OLEVANO T.","A"
"08379","BANCA C.COOP.BEDIZZOLE-TURANOV.","A"
"08381","BANCA DI CRED.COOP.DI BELLEGRA","A"
"08382","C.R.A. DI BENE VAGIENNA","A"
"08385","BANCA CREDITO COOP.DI BIENTINA","A"
"08386","C.R.A. DI BINASCO CREDITO COOP.","A"
"08387","C.R.A. DI BISIGNANO","A"
"08393","CRA BORGO S.GIACOMO-CRED.COOP.","A"
"08396","BANCA CRED.COOP. ALTA V.TROMPIA","A"
"08397","C.R.A. DI BOVES","A"
"08399","C.R.A. DI BRENDOLA","A"
"08404","BANCA CREDITO COOP.BUSTO GAROLFO","A"
"08406","BANCA CRED.COOP.BARBARANO ROMANO","A"
"08407","BANCA CREDITO COOP.DEL VENEZIANO","A"
"08408","BANCA CRED.COOP.ALTO CROTONESE","A"
"08409","BANCA CRED.COOP.DI BUONABITACOLO","A"
"08411","C.R.A. DI COLOBRARO E VALSINNI","A"
"08414","BANCA CRED.COOP. DI COLLETORTO","A"
"08416","B.CA CRED.COOP.VERONA CADIDAVID","A"
"08422","C.R.A. DI VERGATO","A"
"08425","BANCA CREDITO COOP.DI CAMBIANO","A"
"08427","CREDITO COOP. FIORENTINO","A"
"08428","BANCA CR.COOP.CAMPIGLIA BERICI","A"
"08429","BANCA CRED.COOP.ALTA PADOVANA","A"
"08430","C.R.A. DI CANTU BANCA CRED.COOP.","A"
"08431","C.R.A. DI CAPACCIO","A"
"08434","C.R.A. DI CAPPELLE SUL TAVO","A"
"08435","B.C.C. DELL'ALTO CREMASCO","A"
"08436","BANCA CREDITO COOP.CAPRANICA","A"
"08437","C.R.A. DI CAPRIOLO CREDITO COOP.","A"
"08439","B.CARAGLIO CUNEESE E RIV.FIORI","A"
"08440","BANCA CRED.COOP.CARATE BRIANZA","A"
"08441","BANCA CREDITO COOP.CARAVAGGIO","A"
"08445","BANCA CRED.COOP. TERRA D'OTRANTO","A"
"08446","CRED.COOP.AREA PRATESE","A"
"08448","C.R.A. DEL BASSO VERONESE","A"
"08450","BCA ALPI MARITTIME CR.COOP.CARRU","A"
"08451","C.R.A. DI CASALGRASSO","A"
"08452","C.R.A. DI CARTURA","A"
"08453","BANCA CREDITO COOP.DI CARUGATE","A"
"08454","C.R.A. DEL CREMONESE SCRL","A"
"08456","BANCA CRED.COOP.DI CASAVECCHIA","A"
"08457","C.R.A. DI CASCIA DI REGGELLO","A"
"08458","BANCA CREDITO COOP.DI CASCINA","A"
"08460","BANCA CREDITO COOP.CASSANO MURGE","A"
"08461","BANCA C.COOP.CASTAGNETO CARDUCCI","A"
"08462","BCA CRED.COOP. ROMAGNA OCCIDENT.","A"
"08464","BANCA CRED.COOP.FORTORE-MISCANO","A"
"08465","BANCA CRED.COOP.CASTEL GANDOLFO","A"
"08466","C.R.A.CASTEL GOFFREDO CRED.COOP.","A"
"08467","B.C.COOP.POLESINE OCCIDENTALE","A"
"08468","C.R.A. B.C.C. DI CASTELLABATE","A"
"08469","C.R.A.CASTELLANA GROTTE CR.COOP.","A"
"08472","C.R.A. DI CASTENASO","A"
"08473","B.C.C.CASTIGLIONE M.R. PIANELLA","A"
"08474","BANCA DI CRED.COOP. PICENA","A"
"08481","BANCA DI CREDITO COOP.DI CEREA","A"
"08483","B.CRED.COOP.CERVIGNANO FRIULI","A"
"08484","BANCA DI CESENA CRED.COOP.","A"
"08485","BANCA CRED.COOP.CHIANCIANO TERME","A"
"08486","BANCA CREDITO COOP.DI PISTOIA","A"
"08487","BANCA CREDITO COOP.CHERASCO","A"
"08488","C.R.A. DI CHIEVE","A"
"08489","C.R.A. DI CHIUSI","A"
"08491","C.R.A. CIVITANOVA E MONTECOSARO","A"
"08492","C.R.A. DI CITTANOVA","A"
"08494","BANCA C.C.PARCO N.ABRUZZO C.A.","A"
"08499","CRA BARIANO E COLOGNO AL SERIO","A"
"08503","BANCA DI CREDITO COOP.CONVERSANO","A"
"08504","C.R.A. DI CERRETO SANNITA","A"
"08505","C.R.A. COPIANO BANCA CRED.COOP.","A"
"08506","BANCA CREDITO COOP.OSPEDALETTO","A"
"08508","C.R.A. DI CORINALDO","A"
"08509","C.R.A. DI CENTO","A"
"08511","CRA CORTINA D'AMPEZZO DOLOMITI","A"
"08512","BANCA CREDITO COOP.DI COSENZA","A"
"08514","BANCA CRED.COOP.CALCIO E DI COVO","A"
"08515","C.R.A. DI CREMENO","A"
"08517","C.R.A. CRETA CASTELSANGIOVANNI","A"
"08519","BANCA CREDITO COOP.FANO","A"
"08520","BANCA DI CRED.COOP. DEL SILE","A"
"08522","C.R.A. DI CAPALBIO","A"
"08528","C.R.A.COPERSITO CILENTO CR.COOP.","A"
"08530","B.C.C.DI ALBA LANGHE E ROERO","A"
"08531","C.R.A. DI DIPIGNANO","A"
"08532","C.R.A. DI DOBERDO DEL LAGO","A"
"08537","C.R.A. DI ERCHIE","A"
"08538","BANCA CREDITO COOP.CAMUNA","A"
"08540","C.R.A. DI FAETANO","A"
"08542","CRED.COOP.PROV.DI RAVENNA","A"
"08545","C.R.A. DI FARNESE","A"
"08547","C.R.A. DI FICULLE","A"
"08549","C.R.A. DI FILOTTRANO","A"
"08550","BANCA DI CRED.COOP.DI FIUGGI","A"
"08551","BANCA C.COOP.FIUMICELLO AIELLO","A"
"08553","BANCA CRED.COOP. DI FLUMERI","A"
"08554","B.C.C. DI GAUDIANO DI LAVELLO","A"
"08556","C.R.A. DI FORLI","A"
"08561","CRAS-BANCA CRED.COOP.DI SALERNO","A"
"08562","C.R.A. DI FORNACETTE","A"
"08565","C.R.A. DI BUCCINO","A"
"08566","B.C.C. DI CORTENOVA VALSASSINA","A"
"08567","C.R.A. DI DASA'","A"
"08568","C.CRED.COOP.MEDIA MAGNA GRECIA","A"
"08570","C.R.A. GALLO DI GRINZANE CAVOUR","A"
"08572","BANCA CRED.COOP. DI GAMBATESA","A"
"08574","C.R.A. DI GATTEO","A"
"08575","BANCA CRED.COOP.AGRO BRESCIANO","A"
"08578","C.R.A. DI GRADARA","A"
"08581","B.BENTIVOGLIO B.C.COOP.GUALTIERI","A"
"08583","BANCA CREDITO COOP.DI GUASTALLA","A"
"08586","BANCA CREDITO COOP.GHISALBA","A"
"08587","BANCA C.C.VALDOSTANA S.C.A.R.L.","A"
"08589","C.R.A. DI GIFFONI VALLE PIANA","A"
"08590","BANCA DEL CENTROVENETO CRED.COOP","A"
"08591","BANCA CREDITO COOP.DI IMPRUNETA","A"
"08592","BANCA CREDITO COOP.DI INZAGO","A"
"08593","BANCA CRED.COOP.PIAVE LIVENZA","A"
"08595","B.C.C. DI ISOLA CAPO RIZZUTO","A"
"08596","BANCA CREDITO COOP.SAN MARCO","A"
"08597","BANCA CRED.COOP.DI LAURENZANA","A"
"08600","BANCA CREDITO COOP.LEPRENO","A"
"08601","C.R.A. DI LERCARA FRIDDI","A"
"08603","C.R.A. DI LEVERANO","A"
"08606","BANCA CRED.COOP.CANOSA-LOCONIA","A"
"08607","B.C.COOP.LOCOROTONDO C.R.A.","A"
"08608","CRA APPENNINO BO-LOIANO MONZUNO","A"
"08610","B.COLLI EUGANEI LOZZO ATESTINO","A"
"08613","C.R.A. DI LUGO","A"
"08616","B.CA CRED.COOP.LUSIA CAVAZZANA","A"
"08617","BANCA DI CRED.COOP. DI LUZZI","A"
"08618","BANCA DI CRED.COOP. DI LEZZENO","A"
"08619","BANCA CREDITO COOP. DI LESMO","A"
"08622","CR.COOP.CRA LUCINICO FARRA CAPR.","A"
"08623","BCA DI CAVOLA E SASSUOLO CR.COOP","A"
"08624","BANCA C.C.GRAN PARADISO-M.BIANCO","A"
"08626","BANCA CRED.COOP. DI MACERONE","A"
"08630","C.R.A. DI MANTIGNANA","A"
"08631","BANCA CREDITO COOP.MANZANO","A"
"08633","BANCA CREDITO COOP.MARESCA","A"
"08634","BANCA CRED.COOP.DI MARIANOPOLI","A"
"08635","B.C.C. MARIA SS.IMMACOLATA CERDA","A"
"08636","BANCA C.COOP.MAREMMA GROSSETANA","A"
"08637","BANCA CRED.COOP.FRIULI CENTRALE","A"
"08638","ROMAGNA CENTRO BANCA CRED.COOP.","A"
"08639","BANCA CREDITO COOP.MASIANO","A"
"08640","BCC CASTELLI MAZZARINO E BUTERA","A"
"08645","BANCA CREDITO COOP.DI MILENA","A"
"08646","C.R.A. DI MINERBIO","A"
"08652","C.R.A. DEL TRASIMENO","A"
"08656","C.R.A. DI MONASTIER DI TREVISO","A"
"08657","BANCA DI PALERMO S.P.A.","A"
"08658","C.R.A. DEL MONTAGNANESE","A"
"08661","B.C.C. DI MONTEMILETTO","A"
"08662","BANCA C.CO.MONTECORVINO ROVELLA","A"
"08669","B.CRED.COOP.MONTE MAGRE' SCHIO","A"
"08670","C.R.A. DI MONTEPULCIANO","A"
"08671","BANCA CREDITO COOP.DI MONTEREALE","A"
"08672","BANCA CRED.COOP.DI MONTETERENZIO","A"
"08673","BANCA MONTERIGGIONI CRED. COOP.","A"
"08674","BANCA CRED.COOP. DI MONTE ROMANO","A"
"08676","BCA CR.COOP.COLLI MORENICI GARDA","A"
"08677","C.R.A. DI MONTODINE","A"
"08679","C.R.A. DI MOZZANICA","A"
"08682","BCC AL.CASERTANO E BAS.FRUSINATE","A"
"08685","B.C.COOP.GARFAGNANA-MINUCCIANO","A"
"08688","BANCA CRED.COOP.MARINA DI GINOSA","A"
"08689","C.R.A. DI MARCON","A"
"08690","BCA CR.COOP.ALTO CILENTO LAURINO","A"
"08692","BANCA CREDITO COOP.DI BRESCIA","A"
"08693","C.R.A. DI NETTUNO","A"
"08697","C.R.A. DI CIVITELLA","A"
"08699","C.R.A. DI OFFANENGO","A"
"08700","B.C.COOP.PESARO E S.IPPOLITO","A"
"08701","C.R.A. DI ORSAGO","A"
"08703","C.R.A. DI OSPEDALETTO EUGANEO","A"
"08704","C.R.A. DI OSTRA","A"
"08705","C.R.A. DI OSTRA VETERE","A"
"08706","BANCA CRED.COOP. DI OSTUNI","A"
"08707","C.R.A. DI OTRANTO","A"
"08708","C.R.A. OPPIDO LUCANO RIPACANDIDA","A"
"08711","C.R.A. CARLO DE CADORNA","A"
"08712","BANCA CR.COOP.SEN.P.GRAMMATICO","A"
"08713","C.R.A. DI PACHINO","A"
"08715","BANCA CREDITO COOP.DI UDINE","A"
"08716","BANCA CREDITO COOP.PALESTRINA","A"
"08717","CRED.COOP.C.R.A.DI PALIANO-FR-","A"
"08720","C.R.A. DI PEDEMONTE","A"
"08724","C.R.A. DI PIAZZE","A"
"08725","BANCA CRED.COOP.PIETRAFITTA (CS)","A"
"08726","BANCA CRED.COOP. DELLA VERSILIA","A"
"08728","BANCA CRED.COOP.PIOVE SACCO","A"
"08730","BANCA CREDITO COOP.PITIGLIANO","A"
"08731","BANCA CREDITO COOP.PERGOLA","A"
"08732","B.CRED.COOP.VICENTINO POJANA M.","A"
"08733","BANCA DI CRED.COOP. DI POLICORO","A"
"08735","B.C.COOP.POMPIANO E FRANCIACORTA","A"
"08736","C.R.A. DI PONTASSIEVE","A"
"08737","BANCA CRED.COOP.POLLINA E FINALE","A"
"08738","C.R.A.DELL'AGRO PONTINO-B.CR.COO","A"
"08743","BANCA CRED.COOP.DEL VELINO","A"
"08744","C.R.A. DI DOVERA E POSTINO","A"
"08745","BANCA CREDITO COOP.VALLE SERIANA","A"
"08747","BANCA CRED.COOP. PRATOLA PELIGNA","A"
"08749","C.R.A. PREGANZIOL S.CRIST.QUINTO","A"
"08753","B.C.C. PIANFEI E ROCCA DE' BALDI","A"
"08756","BANCA CRED.COOP. DI PIANOPOLI","A"
"08757","B.C.C. DI QUINTO VICENTINO","A"
"08760","C.R.A. DI PREMANA","A"
"08765","BANCA C.COOP.RECANATI COLMURANO","A"
"08769","BANCA DI CR.COOP.DI RIPATRANSONE","A"
"08770","C.R.A. DI RIVAROLO MANTOVANO","A"
"08771","C.R.A. RIVOLTA D'ADDA AGNADELLO","A"
"08772","C.R.A.DI ROANA CRED.COOP.","A"
"08777","BANCA CREDITO COOP.DEL TUSCOLO","A"
"08778","C.R.A. DI RONCIGLIONE","A"
"08779","C.R.A. DI RONTA","A"
"08780","BANCA CRED.COOP.ROTA GRECA","A"
"08781","BANCA CREDITO COOP.DI ROVEREDO","A"
"08783","BANCA DI CRED.COOP. CUNEESE","A"
"08784","B.C.C. ""MONTE PRUNO"" DI ROSCIGNO","A"
"08785","BANCA CREDITO COOP.ALTO FRIULI","A"
"08787","BANCA CRED.COOP. DI RIANO","A"
"08792","C.R.A. DI SALA DI CESENATICO","A"
"08794","BANCA CREDITO COOP.LAUDENSE LODI","A"
"08796","BANCA CRED.COOP.SAMBUCA SICILIA","A"
"08797","BANCA CR.COOP.SAMMICHELE BARI","A"
"08799","C.R.A. DI CREMA","A"
"08800","BANCA CRED.COOP.S.BIAGIO PLATANI","A"
"08802","C.R.A. DEL CHIANTI FIORENTINO","A"
"08804","BANCA CREDITO COOP.SAN FILI","A"
"08805","BANCA CR.COOP.S.GIORGIO E MEDUNO","A"
"08806","C.R.A. DI S GIORGIO DI CESENA","A"
"08807","C.R.A. DI SAN GIORGIO FARA","A"
"08810","CRED.COOP.C.R.A S.GIOV.ROTONDO","A"
"08811","C.R.A. DI SAN GIOVANNI VALDARNO","A"
"08812","BANCA CREDITO COOP.FORMELLO","A"
"08817","B.CR.COOP.S.MARZANO S.GIUSEPPE","A"
"08824","BANCA CRED.COOP. DI SERINO","A"
"08825","BANCA C.COOP.SCALIGERA ORIENTALE","A"
"08826","B.C.COOP.PESARO V.FASTIGGI","A"
"08829","C.R.A. DI SAN PIETRO IN VINCIO","A"
"08833","BANCA CRED.COOP. S.ALBANO STURA","A"
"08839","BANCA CRED. COOP.S.ANDREA SUASA","A"
"08843","BANCA CREDITO COOP.SANT'ELENA","A"
"08844","BANCA C.COOP.SANTERAMO IN COLLE","A"
"08847","C.R.A. DI SAN VINCENZO LA COSTA","A"
"08849","B.CRED.COOP.S.VITO E S.GIUSTINA","A"
"08850","C.R.A. DI SARSINA","A"
"08851","BANCA CRED.COOP.DI SATURNIA","A"
"08852","ROMAGNA EST BANCA DI CRED.COOP.","A"
"08853","B.C.C. DI SAVOGNA D'ISONZO","A"
"08855","BANCA CRED.COOP.SCAFATI E CETARA","A"
"08859","BANCA CREDITO COOP.DI SEGNI","A"
"08865","BANCA CRED.COOP.SESTO S.GIOVANNI","A"
"08866","BANCA CREDITO COOP.DI SIGNA","A"
"08867","BANCA CREDITO COOP.SILA PICCOLA","A"
"08869","BANCA CREDITO COOP.DI SORISOLE","A"
"08871","C.R.A. DI SPELLO E BETTONA","A"
"08872","BANCA CR.COOP.SPEZZANO ALBANESE","A"
"08873","BANCA CRED.COOP.DI SPINAZZOLA","A"
"08877","C.R.A. DI STARANZANO","A"
"08878","BANCA DI CRED.COOP. DI STIA","A"
"08881","CREDITO COOP. BOLOGNESE SCRL","A"
"08883","BANCA DI BOLOGNA CREDITO COOP.","A"
"08884","C.R.A. DI SANTA ELISABETTA","A"
"08885","BANCA CRED.COOP. DI SOVICILLE","A"
"08887","C.R.A. DI S.CALOGERO","A"
"08888","BCC DI S.GIORGIO LUCANO NOVA S.","A"
"08889","B.C.COOP.S.NICOLA L'ARENA TRABIA","A"
"08890","C.R.A. TEATINA","A"
"08892","BANCA C.C.DUE MARI T.SIBARI","A"
"08894","BANCA CREDITO COOP.DELLA CARNIA","A"
"08895","BANCA CRED.COOP. DI TOLVE","A"
"08899","BCC DI TREVIGLIO E GERA D'ADDA","A"
"08900","C.R.A. DI TREVIGNANO ROMANO","A"
"08901","BANCA CREDITO COOP.DI TRIUGGIO","A"
"08903","BANCA CRED.COOP. DI TURRIACO","A"
"08904","BANCA CRED.COOP.DELLE PREALPI","A"
"08905","C.R.A. DEL SANNIO","A"
"08906","C.R.A. DI SASSOLEONE","A"
"08907","C.R.A. DI SCANDALE","A"
"08910","C.R.A. DI VESTENANOVA CRED.COOP.","A"
"08913","C.R.A. DELLA VALLE DEL FITALIA","A"
"08916","BANCA CREDITO COOP.DI ANCONA","A"
"08917","BANCA CRED.COOP.TREVIGIANO","A"
"08919","C.R.A. DI VEROLAVECCHIA","A"
"08921","C.R.A. DI VEZZA D'ALBA","A"
"08922","BANCA CREDITO COOP.DI VIGNOLE","A"
"08927","C.R.A. DI TREVISO CRED.COOP.","A"
"08928","BANCA CREDITO COOP.DEL CARSO","A"
"08929","BANCA CRED.COOP. DI VILLESSE","A"
"08930","BANCA CRED.COOP.VISCHE-CANAVESE","A"
"08931","BANCA CRED.COOP. DI VITERBO","A"
"08933","C.R.A. DEL MEDIO POLESINE","A"
"08934","BANCA CRED.COOP.DI VILLAPIANA","A"
"08936","BANCA CREDITO COOP.ALTA MARCA","A"
"08937","C.R.A. DI VOLTURARA IRPINA","A"
"08938","C.R.A. VALLE STRONA","A"
"08939","C.R.A. DI OMIGNANO","A"
"08940","BANCA DELLA BERGAMASCA CR.COOP.","A"
"08941","B.C.C. SAN MARCO DI CALATABIANO","A"
"08946","DON RIZZO B.C.COOP.(ALCAMO/TP)","A"
"08947","B.C.C. ""DON STELLA"" DI RESUTTANO","A"
"08948","BANCA C.C. ERICINA DI VALDERICE","A"
"08951","BANCA CR.CCOP. GIUSEPPE TONIOLO","A"
"08952","BANCA C.COOP.G.TONIOLO S.CATALDO","A"
"08953","B.C.C. LA CONCORDIA PIETRAPERZIA","A"
"08954","C.R.A. LA RISCOSSA","A"
"08955","B.C.C.""UNIONE""DI CAMASTRA E NARO","A"
"08957","C.R.A. MARIA SS.DI GULFI","A"
"08958","BANCA CRED.COOP.M.S. DI GANGI","A"
"08962","B.C.C. MONTEMAGGIORE BELSITO","A"
"08964","BANCA CRED.COOP.S.BARNABA MARINO","A"
"08965","B.S.BIAGIO VE.OR.CES.FOS.POR.BCC","A"
"08967","BANCA CREDITO COOPERATIVO-TARSIA","A"
"08968","C.R.A. ""S.FR.D'ASSISI"" DI ATESSA","A"
"08969","BCC SAN FRANCESCO DI CANICATTI","A"
"08970","C.R.A. SAN GAUDENZIO","A"
"08972","BANCA C.COOP.S.GIORGIO CACCAMO","A"
"08973","C.R.A. SAN GIUSEPPE DI CAMERANO","A"
"08975","C.R.A. SAN GIUSEPPE DI MUSSOMELI","A"
"08976","C.R.A. S.GIUSEPPE PETRALIA SOTT.","A"
"08979","C.R.A. S.MICHELE CALTANISSETTA","A"
"08982","BANCA CRED.COOP.S.MARIA ASSUNTA","A"
"08984","BANCA C.COOP.S.APOLLONIA ARICCIA","A"
"08985","BANCA CR.COOP.NISSENO SOMMATINO","A"
"08986","BANCA CRED.COOP.PADANA ORIENTALE","A"
"08987","CRA S.V.DEPAOLI CASAGIOVE C.COOP","A"
"08988","B.C.COOP.P.COLLE-MODUGNO-BITETTO","A"
"08989","BANCA C.C.SS.IMMACOLATA BELPASSO","A"
"08990","B.C.COOP.S.STEFANO MARTELLAGO","A"
"08991","BANCA CRED.COOP.EGUSEA SRL","A"
"08994","B.C.COOP.S.CATERINA E VALLELUNGA","A"
"08995","B.CA CRED.COOP.VALMARECCHIA R/V","A"
"08997","B.C.C. DI SAN MARCO DEI CAVOTI","A"
"08998","C.R. DELLA VAL PASSIRIA","A"
"10004","MPS BANCAVERDE SPA","A"
"10005","CREDITO AGRICOLO ITALIANO SPA","A"
"10008","MELIORCONSORZIO SPA","A"
"10301","IST.ITALIANO CRED.FOND","A"
"10305","CRED.FOND.TRENTINO A.ADIGE SPA","A"
"10309","MONTE PASCHI FONDIARIO E O.P.SPA","A"
"10312","CREDITO FONDIARIO S.P.A.","A"
"10320","CREDITO FONDIARIO TOSCANO SPA","A"
"10322","CARIMONTE FONDIARIO SPA","A"
"10323","MEDIOCREDITO PADANO","A"
"10327","BNL CREDITO CINEM.E TEATRALE SPA","A"
"10328","MEDIOCREDITO FOND. CENTROITALIA","A"
"10601","IMI","A"
"10623","COOPERCREDITO S.P.A","A"
"10630","IST.CRED.SPORTIVO","A"
"10631","MEDIOBANCA BANCA CRED.FIN.SPA","A"
"10632","ENTE FIN.INTER. EFIBANCA SPA","A"
"10633","BANCA CENTR.CRED.POP.CENTROBANCA","A"
"10636","BANCA MEDIOCREDITO SPA","A"
"10637","BANCA INTESABCI M.CREDITO SPA","A"
"10638","MEDIOCREDITO TRENTINO ALTO ADIGE","A"
"10639","MEDIOVENEZIE BANCA SPA","A"
"10640","MEDIOCREDITO FRIULI VENEZ.GIULIA","A"
"10643","MEDIOCREDITO TOSCANO S.P.A.","A"
"10644","MEDIOCREDITO DELL'UMBRIA","A"
"10646","MEDIOCREDITO DI ROMA SPA","A"
"10647","ISVEIMER","A"
"10648","IRFIS SPA","A"
"10680","MEDIOCREDITO CENTRALE SPA","A"
"10681","ARTIGIANCASSA","A"
"10685","BANCA FINAN.MEDIO TER.INTERBANCA","A"
"10689","MEDIOCREDITO DEL SUD SPA","A"
"11101","Monte dei Paschi di Siena","M"
"12334","banca commerciale","M"
"31427","eoligjprosgjpoegjk","M"
"41740","prova","M"
"69060","banca nazionale del lavoro","M"
"76018","UFFICIO POSTALE  ROMA PRATI","M"
"79700","BANCA DI CREDITO COOP","M"
"84046","CREDITO COOPERATIVO DI BUSTO","M"
"05035","VENETO BANCA","A"
"01000","BANCA D'ITALIA","A"
"01005","BANCA NAZIONALE DEL LAVORO SPA","A"
"01010","BANCO DI NAPOLI SPA","A"
"01015","BANCO DI SARDEGNA SPA","A"
"01020","BANCO DI SICILIA SPA","A"
"01025","SANPAOLO - IMI SPA","A"
"01030","BANCA MONTE DEI PASCHI DI SIENA","A"
"02002","BANCA COMMERCIALE ITALIANA SPA","A"
"02008","UNICREDIT BANCA SPA","A"
"03000","IST.CENTR.DI BANCHE E BANCHIERI","A"
"03001","BANCO AMBROSIANO VENETO SPA","A"
"03002","BANCA DI ROMA S.P.A.","A"
"03003","ABN AMRO BANK - MILANO","A"
"03005","AMERICAN EXPRESS BANK LTD.","A"
"03006","ARAB BANK PLC","A"
"03007","ABBEY NATIONAL PLC","A"
"03009","FORD CREDIT EUROPE PLC","A"
"03011","HYPO ALPE ADRIA BANK","A"
"03013","UNITED GARANTI BANK INT.NV.","A"
"03014","CREDITO DI LECCO E DELLA BRIANZA","A"
"03015","FIN-ECO BANCA ICQ SPA","A"
"03017","INVEST BANCA","A"
"03018","NOVA LJUBLJANSKA BANKA D.D.","A"
"03019","BANCA REGIONALE S.ANGELO","A"
"03021","MIDLAND BANK PLC","A"
"03022","CREDIT FONCIER DE FRANCE","A"
"03023","BANCA WOOLWICH","A"
"03025","BANCA PROFILO SPA","A"
"03026","BANCA PER IL LEASING ITALEASE","A"
"03027","AREA BANCA SPA","A"
"03028","DEPFA BANK-DEUTSCHE PFAND.HYPOT.","A"
"03029","MERRILL LYNCH INTERNATIONAL BANK","A"
"03030","CREDIOP SPA","A"
"03031","BANCA DI BERGAMO","A"
"03032","CREDITO EMILIANO SPA","A"
"03033","SALOMON BROTHERS AG","A"
"03034","BANCA AGR.REPUBB.SAN MARINO","A"
"03035","BANCA DEL GARDA","A"
"03037","IMPERIAL BANK","A"
"03038","BANCA AGRICOLA ETNEA","A"
"03040","CREDIT SUISSE FIRST BOSTON","A"
"03041","UNIONE BANCHE SVIZZERE (ITALIA)","A"
"03043","BCA INTERM.DI INVEST. E GESTIONI","A"
"03045","BANCA AKROS SPA","A"
"03047","BANCA CAPASSO ANTONIO B","A"
"03048","BANCA DEL PIEMONTE SPA","A"
"03049","BANCA ARDITI GALATI","A"
"03051","BARCLAYS BANK PLC","A"
"03053","BANCAPERTA S.P.A.","A"
"03054","BANCA UCB SPA","A"
"03055","BAYERISCHE LANDESBANK GIROZENTR.","A"
"03057","MERRILL LYNCH CAPITAL MARK.BANK","A"
"03058","CheBanca! S.p.A.","A"
"03059","BANCA CIS SPA","A"
"03060","BANCA BRIGNONE","A"
"03061","CITIBANK INTERNATIONAL PLC","A"
"03062","BANCA MEDIOLANUM","A"
"03063","COMPAGNIE BANCAIRE","A"
"03064","BANCA BOVIO CALDERARI","A"
"03067","BANCA CARIME SPA","A"
"03069","INTESABCI SPA","A"
"03071","BANCA MANAGER SPA","A"
"03073","BHW BAUSPARKASSE A.G.","A"
"03074","FINFINANCE S.A.","A"
"03075","BANCA GENERALI S.P.A.","A"
"03078","BANCA ARTIGIANATO E INDUSTRIA","A"
"03081","BAYERISCHE VEREINSBANK AG","A"
"03082","BANCA PROXIMA S.P.A.","A"
"03083","BANCA INTL GESTIONI-BIGEST","A"
"03084","BANCA CESARE PONTI","A"
"03085","CATERPILLAR","A"
"03086","BANCA INTERMED.MOBILIARE IMI SPA","A"
"03087","BANCA FINNAT EURAMERICA","A"
"03089","CREDIT SUISSE ITALIA","A"
"03090","ANTONVENETA ABN AMRO BANK","A"
"03091","BANK OF AMERICA INT.L LTD","A"
"03093","BANK OF CHINA","A"
"03095","COMMERZ BANK AG","A"
"03097","DEPFA BANK AG","A"
"03098","BANCA C.STEINHAUSLIN & C.","A"
"03099","FINEMERIO BANCA SPA","A"
"03101","BANQUE PSA FINANCE HOLDING S.A.","A"
"03102","ALETTI E C.BANCA INV.MOB.SPA","A"
"03103","RENAULT CREDIT INTERNATIONAL S.A.","A"
"03104","DEUTSCHE BANK S.P.A.","A"
"03105","VOLKSWAGEN BANK GMBH","A"
"03109","DIEBOL COMPUTER LEASING","A"
"03110","FARBANCA SPA","A"
"03111","BANCA LOMBARDA SPA","A"
"03113","CREDITO FONDIARIO TRENTO SPA","A"
"03114","CREDITO FONDIARIO BOLZANO SPA","A"
"03115","FINDOMESTIC BANCA SPA","A"
"03116","BANCA DEL CIMINO","A"
"03117","ON BANCA SPA","A"
"03118","BANCA DI LATINA","A"
"03119",,"A"
"03121","CARDINE BANCA SPA","A"
"03122","BANCA VALLE D'AOSTA AOSTA","A"
"03123","BANCA AGRILEASING SPA","A"
"03124","BANCA DEL FUCINO","A"
"03126","BANCA LEONARDO SPA","A"
"03127","UNIPOL BANCA SPA","A"
"03130","BANCA DELLA PROVINCIA DI NAPOLI","A"
"03131","UNICREDITO BANCA MOBILIARE SPA","A"
"03134","ALPENBANK AG.","A"
"03135","UNICREDITO ITALIANO","A"
"03136","BANCA LAVORO E PICCOLO RISPARMIO","A"
"03137","COMMERZITALIA","A"
"03138","BANCA REALE SPA","A"
"03139","BANCA SVILUPPO COOP.CRED.","A"
"03140","BANCA 121 SPA","A"
"03141","BANCA DI TREVISO","A"
"03142","SANPAOLO INVEST BANCA SPA","A"
"03145","BBBBANCA","M"
"03147","BOPI ROMA","A"
"03149","BER","A"
"03150","DEUTSCHE BANK MUTUI SPA","A"
"03151","HYPO TIROL BANK AG","A"
"03153","EUROHYPO AG-E.H.DER D.BANK","A"
"03157","BANK AUSTRIA A.G.","A"
"03158",,
"03159","INTRA PRIVATE BANK","A"
"03161","TRADINGLAB BANCA","A"
"03162",,
"03163","MPS FINANCE BANCA MOB.SIENA","A"
"03164","BANCA DI CREDITO","A"
"03165","INTRA PRIVATE BANK","A"
"03166",,
"03169",,
"03170",,
"03171","MERCHANT BANK SAN MARINO","A"
"03174","BANCA MEDIOSIM S.P.A.","A"
"03175","/LANDESBANK MILANO","A"
"03177","BANCA SAI SPA","A"
"03178","EURO COMMERCIAL BANK","A"
"03181","BNP PARIBAS","A"
"03183","BANCA ESPERIA","A"
"03185","BANCA IFIGEST","A"
"03186","BANCA N.24-7","A"
"03187","BANQUE CORTAL MILANO","A"
"03189","NATEXIS B.QUES POPULAIRES MILANO","A"
"03190","EUROBANCA PRIVATA SPA","A"
"03191","BANCA FINCONSUMO","A"
"03194","BANCO DESIO TOSCANA","A"
"03195","BANCA COMMERCIALE SAMMARINESE","A"
"03197","B.CA DEL GOTTARDO ITALIA SPA","A"
"03198","ADALAYA BANCA IMM.RE","A"
"03199","ARCA BANCA INV.MOBILIARE","A"
"03200","CREDITO MOLISANO","A"
"03201","BANCA MB SPA","A"
"03202","AAA BANK SPA","A"
"03203","BANK INSINGER DE B. NV ITALIA","A"
"03204","BANCA DI LEGNANO","A"
"03206","BANCA DI LEGNANO","A"
"03207","CAPITALIA SPA","A"
"03209","BANCA BSI ITALIA SPA","A"
"03210","MPS LEASING & FACTORING","M"
"03213","BANCA PRIMAVERA SPA","A"
"03216","BANCA 2000 SPA","A"
"03221","BANCA POP.DI LODI","A"
"03225","ISTITUTO DI CREDITO SAMMARINESE         SAN MARINO","A"
"03235","BANCA SCONTO E C/C S.M.CAPUA VET","A"
"03240","BANCA DI TRENTO E BOLZANO","A"
"03244","BANCA DI VALLE CAMONICA","A"
"03250","BANCA EUROMOBILIARE","A"
"03253","BANCA FEDERICO DEL VECCHIO","A"
"03268","BANCA SELLA","A"
"03274","BANCA GENEROSO ANDRIA","A"
"03291","BANCA ITALO ROMENA","A"
"03296","BANCA FIDEURAM SPA","A"
"03300","BANCA DELLA CIOCIARIA","A"
"05524","BANCA POP.DI FAENZA","A"
"05526","BANCO DI S.GIORGIO SPA","A"
"05544","BANCA POP.JONICA","A"
"05548","BANCA POP.DI INTRA","A"
"05550","BANCA POP.DI LANCIANO E SULMONA","A"
"05556","BANCA POP.DI LUINO E VARESE","A"
"05572","BANCA POP.DI MAROSTICA","A"
"05584","BANCA POP.DI MILANO","A"
"05597","BANCA POPOLARE DI MONZA BRIANZA","A"
"05600","BANCA POP.DI NAPOLI","A"
"05602","BANCA POPOLARE VESUVIANA","A"
"05608","BANCA POP. DI NOVARA SPA","A"
"05618","BANCA POP. DI TRIESTE","A"
"05630","BANCA BIPIELLE NETWORK SPA","A"
"05636","BANCA REGIONALE CALABRESE SPA","A"
"05640","BANCA POP.DI RAVENNA","A"
"05650","BANCA POPOLARE DI ROMA SPA","A"
"05652","BANCA POP. DI S. FELICE PANARO","A"
"05664","BANCA POP.DAUNA","A"
"05676","BANCA DI SASSARI SPA","A"
"05696","BANCA POP.DI SONDRIO","A"
"05700","BANCA POP. DI RIETI S.P.A.","A"
"05704","BANCA POP.DI SPOLETO SPA","A"
"05728","BANCA POP. VICENTINA","A"
"05747","BANCA POP.PENISOLA SORRENTINA","A"
"05748","BANCA POPOLARE DELL'ADRIATICO","A"
"05764","BANCA POP. DI SALERNO","A"
"05772","BANCA POP.SANT'ANGELO","A"
"05776","BANCA POP.SANTA VENERA","A"
"05786","BANCA POP. DI CALABRIA","A"
"05787","BANCA MERIDIANA SPA","A"
"05792","BANCA POP.VALCONCA","A"
"05793","BANCA POP.DI CREDITI E SERVIZI","A"
"05824","CASSA SOVV.RISP.PERS.BANKITALIA","A"
"05856","BANCA POP.DELL'ALTO ADIGE","A"
"06000","IST.CRED.CASSE RISP.ITALIANE","A"
"06005","SICILCASSA SPA","A"
"06010","CASSA DEI RISPARMI DI FORLI'SPA","A"
"06015","CASSA DI RISPARMI DI LIVORNO","A"
"06020","CARIPRATO - CASSA RISP.PRATO SPA","A"
"06030","CASSA RISP.DELLA SPEZIA SPA","A"
"06035","CASSAMARCA SPA","A"
"06040","CARISPAQ-C.R.PROV.DELL'AQUILA","A"
"06045","CASSA RISP. DI BOLZANO SPA","A"
"06050","CASSA RISP.PROV.CHIETI SPA","A"
"06055","BANCA DELLE MARCHE SPA","A"
"06060","CASSA RISP.PROV.TERAMO SPA","A"
"06065","CASSA RISP.PROV.VITERBO SPA","A"
"06067","CASSA RISP.DI S.MARINO","A"
"06070","CASSA RISP.PROV.LOMBARDE SPA","A"
"06075","CASSA RISP. DI ALESSANDRIA SPA","A"
"06080","CASSA RISP.DI ASCOLI PICENO SPA","A"
"06085","CASSA RISP.DI ASTI SPA","A"
"06090","CASSA RISP.DI BIELLA E VERCELLI","A"
"06095","CASSA RISP.DI BRA SPA","A"
"06100","CARICAL-C.R.CALABRIA E LUCANIA","A"
"06105","CASSA RISPARMIO CARPI SPA","A"
"06110","CASSA RISP.DI CARRARA SPA","A"
"06115","CASSA RISP.DI CENTO SPA","A"
"06120","CASSA RISP.DI CESENA","A"
"06125","CASSA RISP.CITTA'  CASTELLOSPA","A"
"06130","CASSA RISP.DI CIVITAVECCHIA","A"
"06140","C.R.FABRIANO CUPRAMONTANA SPA","A"
"06145","CARIFANO C.R. DI FANO SPA","A"
"06150","CASSA RISP.DI FERMO SPA","A"
"06155","CASSA RISP.DI FERRARA SPA","A"
"06160","CASSA RISP.DI FIRENZE","A"
"06165","CASSA RISP.DI FOLIGNO","A"
"06170","CASSA RISP.DI FOSSANO","A"
"06174","CARIGE","M"
"06175","BANCA CARIGE SPA","A"
"06180","CASSA RISP.DI GORIZIA SPA","A"
"06185","CASSA RISP.DI IMOLA SPA","A"
"06195","CASSA RISP.DI LORETO SPA-CARILO","A"
"06200","CASSA RISP.DI LUCCA SPA","A"
"06205","BANCA DI ROMAGNA S.P.A.","A"
"06220","CASSA RISP.DI ORVIETO SPA","A"
"06225","CASSA RISP.DI PADOVA ROVIGO SPA","A"
"06230","CASSA RISP.PARMA E PIACENZA SPA","A"
"06235","BANCA DELL'UMBRIA 1462 SPA","A"
"06245","BANCA CARIPE SPA","A"
"06255","CASSA RISP.DI PISA","A"
"06260","CASSA RISP.DI PISTOIA E PESCIA","A"
"06265","CASSA RISP.DI PUGLIA SPA","A"
"06270","CASSA RISP.DI RAVENNA","A"
"06275","CASSA RISP.DI REGGIO EMILIA SPA","A"
"06280","CASSA RISP.DI RIETI SPA","A"
"06285","CASSA RISP.DI RIMINI SPA-CARIM","A"
"06295","CASSA RISP.DI SALUZZO","A"
"06300","CASSA RISP.DI S.MINIATO SPA","A"
"06305","CASSA RISP.DI SAVIGLIANO","A"
"06310","CASSA RISP.DI SAVONA SPA","A"
"06315","CASSA RISP.DI SPOLETO","A"
"06320","BANCA CASSA RISP. TORINO SPA","A"
"06325","CASSA RISP.DI TORTONA SPA","A"
"06330","CASSA RISP.TRENTO ROVERETO SPA","A"
"06335","CASSA RISP.TRIESTE-BANCA SPA","A"
"06340","CASSA RISP. UDINE PORDENONE SPA","A"
"06345","CASSA RISP.DI VENEZIA SPA","A"
"06355","CASSA RISP.VR.VI.BL.AN.BANCA SPA","A"
"06365","BANCA CRV-CASSA RISP.VIGNOLA SPA","A"
"06370","CASSA RISP.DI VOLTERRA S.P.A.","A"
"06375","CASSA RISP. DI MIRANDOLA","A"
"06380","CASSA RISP.DI TERNI E NARNI SPA","A"
"06385","CASSA RISP.IN BOLOGNA SPA","A"
"06390","CASSA RISP.SALERNITANA","A"
"06395","CARISBO","M"
"06906","BANCA REGIONALE EUROPEA SPA","A"
"06915","BANCA DEL MONTE DI LUCCA","A"
"06930","BANCA MONTE PARMA SPA","A"
"07004","C.R.A. DI LISSONE","A"
"07005","B.C.C. DI SARZANA E VAL DI MAGRA","A"
"07008","BANCA CRED.COOP. DI ATRI","A"
"07010","BANCA CREDITO COOP.MAIERATO","A"
"07012","BANCA CREDITO COOPERATIVO BARI","A"
"07013","B.C.C. PASSO MOLISE","A"
"07014","BANCA CREDITO COOP.DEL MISCANO","A"
"07015","C.R.A. DI RUOTI","A"
"07016","BANCA ADRIATICA C.COOP. PESCARA","A"
"07017","BANCA CRED.COOP.CIRCEO TERRACINA","A"
"07019","BANCA CRED.COOP.DI TRAMONTI","A"
"07020","BANCA CRED.COOP.DI MODENA","A"
"07021","BANCA CREDITO COOP. DI AVEZZANO","A"
"07022","BANCA CRED.COOP.DEL BAIANESE","A"
"07023","BCA CRED.COOP.CORLETO PERTICARA","A"
"07025","BANCA DI CREDITO COOP.CEPAGATTI","A"
"07026","BANCA DI TERAMO CRED.COOP.SCRL","A"
"07027","BANCA CRED.COOP.DI MONOPOLI","A"
"07028","BANCA CRED.COOP. DEL METAPONTINO","A"
"07029","B.C.C. LIDO DEI PINI,ARDEA ANZIO","A"
"07030","BANCA CRED.COOP.VALLE DEL CALORE","A"
"07031","BANCA CRED.COOP.CAVA DE' TIRRENI","A"
"07032","BANCA AVELLANA CRED.COOP.","A"
"07033","BANCA CRED.COOP.CASTELFRENTANO","A"
"07034","BANCA CRED.COOP.DI BUSTO ARSIZIO","A"
"07035","BANCA CRED.COOP. DEL PARTENIO","A"
"07036","BANCA SALERNITANA C.C.TIRRENO","A"
"07037","BANCA C.COOP.ETRUSCA SALERNITANA","A"
"07038","BANCA CREDITO COOP. DI PADOVA","A"
"07039","BANCA CR.COOP.DI COLOGNO MONZESE","A"
"07040","BANCA DI CRED.COOP.DI SONDRIO","A"
"07041","BANCA DI ARICCIA DI CRED.COOP.","A"
"07042","BANCA CRED.COOP. DI TRASACCO","A"
"07043","BANCA C.COOP.TIRRENO S.FERDINDO","A"
"07044","CREDIVAL-B.CRED.COOP. GAZZANICA","A"
"07045","B.SS.PIETRO E PAOLO CR.COOP.ROMA","A"
"07046","BANCA CRED.COOP. DI DUGENTA","A"
"07047","BCC DI VELLETRI","A"
"07048","ISOLA D'ELBA BANCA CRED.COOP.","A"
"07049","B.C.C.DEL GOLFO DI GELA","A"
"07050","BANCA C.COOP. NOMENTANA-MENTANA","A"
"07051","BANCA ARETINA SCARL","A"
"07052","B.C.C.VALLE DELL'IRNO","A"
"07053","BIESSE BANCA SCPA ARL","A"
"07054","B.C.COOP.DEL SAVONESE-ALBENGA","M"
"07055","BANCA DI LUCCA CRED.COOP.SCRL","A"
"07056","BANCA C.COOP.ALTA MURGIA","A"
"07057","B.MONTAGNANESE SCALIGERA C.COOP.","A"
"07058","BANCA REGGIANA CREDITO COOP.","A"
"07059","BANCA CREDITO COOPERATIVO SOFIGGE","M"
"07060","B.CRED.COOP. DEL GARIGLIANO","A"
"07061","BANCA CREDITO COOP.DELLA PRESILA","A"
"07062","BANCA CREDITO COOP.MEDIOCRATI","A"
"07063","B.C.C.TIVOLI E VALLE DELL'ANIENE","A"
"07064","B.C.C. GENOVESE","A"
"07065","BANCA FORTORINA CRED.COOP.SCPARL","A"
"07066","B.CRED.COOP.DEI COMUNI CILENTANI","A"
"07067","BANCA DELLA TUSCIA CRED.COOP.","A"
"07068","BANCA DI CATANZARO B.C.C.","A"
"07069","CRERIBANCO-C.COOP.ALESSANDRIA","A"
"07070","B.DI CESENA C.COOP.CESENA RONTA","A"
"07071","BANCA DELLA VALSASSINA C.COOP.","A"
"07072","EMILBANCA CRED.COOP.BOLOGNA","A"
"07073","BANCA ROMAGNA CENTRO C.COOP.SCRL","A"
"07074","B.CA MONASTIER/SILE-MON.DI TREV.","A"
"07075","BANCA TRASIMENO ORVIETANO C.COOP","A"
"07076","B.C.C. CREMASCA","A"
"07077","C.R.DEL CREMASCO BCC CRED.COOP.","A"
"07078","BCC CASTELLI E IBLEI","A"
"07079","BANCA CATONE DI C.COOP.","A"
"07080","CREDITO ETNEO BANCA DI C.COOP.","A"
"07081","BANCA DI ASCOLI PICENO C.COOP.","A"
"07082","CREDITO COOP.BOLOGNESE SCARL","M"
"07083","B.C.C.PRIVERNATE","A"
"07084","B.C.C. DELLA MARCA","A"
"07085","BANCA DI CERVIGNANO ALTO FRIULI","A"
"07086","BANCA C.COOP.ADRIATICO TERAMANO","A"
"07087","BANCA DI TARANTO B.C.C.","A"
"07088","B.DI PERUGIA E VALTIBERINA","A"
"07090","BANCA MALATESTIANA CRED.COOP.","A"
"07535","BANCA DEL MONTE DI FOGGIA","A"
"07601","UFFICIO PPTT DISTRETTO ROMA","A"
"08000","ICCREA-IS.CEN.BANCHE CRED.COOP.","A"
"08001","B.CRED.COOP.CASALMORO E BOZZOLO","A"
"08003","CASSA ARTIGIANA VALDINIEVOLE","A"
"08010","C.R. DELLA VAL BADIA","A"
"08011","C.R.BASSA VALLAGARINA B.C.COOP.","A"
"08012","C.R.ALBIANO E ALTA VAL DI CEMBRA","A"
"08013","C.R. DI ALDENO E CADINE","A"
"08015","C.R. DI ANDRIANO","A"
"08016","C.R. DI ARCO","A"
"08019","C.R.A. DI ALBIDONA","A"
"08020","C.R. ALTA PUSTERIA","A"
"08021","BANCA CREDITO COOP.SUD FRIULI","A"
"08024","C.R. DI BERSONE","A"
"08026","C.R. DI LEDR B.C.C.","A"
"08030","BANCA C.COOP.BORGHETTO LODIGIANO","A"
"08031","C.R. DI BRENTONICO","A"
"08032","C.R. DI BREZ","A"
"08033","C.R. DI BRONZOLO - ORA","A"
"08035","C.R. DI BRUNICO","A"
"08036","B.C.C. DELL'ALENTO - CASTELNUOVO","A"
"08037","C.R.A. DI ITALA","A"
"08039","BANCA CRED.COOP.DI SASSANO","A"
"08041","C.R. DI CALAVINO","A"
"08042","C.R. DI RABBI E CALDES","A"
"08043","C.R.DI CALDONAZZO BANCA CR.COOP.","A"
"08044","C.R. DI CAMPITELLO E CANAZEI","A"
"08047","C.R. DEL VANOI","A"
"08055","C.R. DI CASTELLO TESINO","A"
"08056","CASSA RAIFFEISEN CASTELROTTO","A"
"08057","C.R. CENTROFIEMME","A"
"08058","C.R. DI CAVARENO","A"
"08059","C.R. DI CAVEDINE","A"
"08060","C.R. DI CIARDES","A"
"08062","C.R. DI PEJO E OSSANA","A"
"08063","C.R. DI CONDINO","A"
"08065","C.R. DI CORNEDO-COLLEPIETRA","A"
"08066","C.R. ALTA VENOSTA","A"
"08071","BANCA CR.COOP. C.R.A. VALLEDOLMO","A"
"08078","C.R. DI DARZO E LODRONE","A"
"08079","C.R. BASSA ANAUNIA","A"
"08080","C.R. DI DOBBIACO","A"
"08081","CASSA RURALE DI BOLZANO","A"
"08083","C.R.A.DI FISCIANO CRED.COOP.","A"
"08086","C.R.A. DI FALCONARA MARITTIMA","A"
"08088","C.R. DI QUADRA-FIAVE' B.C.C.","A"
"08089","CASSA RAIFFEISEN FIE'","A"
"08091","C.R. DI FOLGARIA","A"
"08092","C.R. DI FONDO - BREZ B.C.C.","A"
"08094","CASSA RURALE DI FUNES","A"
"08095","BANCA CRED.COOP. DI VIANO","A"
"08097","C.R. DI BONDO-BREGUZZO-RONCONE","A"
"08100","C.R. DI GIOVO","A"
"08102","C.R. DELLA BASSA VALSUGANA","A"
"08105","C.R. DI IAVRE'","A"
"08107","C.R. DI ISERA","A"
"08110","C.R. DI LACES","A"
"08112","C.R. DI LAGUNDO","A"
"08113","C.R. DI LAION BARBIANO VILLANDRO","A"
"08114","C.R. DI LAIVES","A"
"08115","C.R. DI LANA","A"
"08117","CASSA RAIFFEISEN DI LASA","A"
"08120","C.R. DI LAVIS","A"
"08121","C.R. DI LEVICO","A"
"08122","C.R. DI LIVO E RUMO","A"
"08123","C.R. DI LIZZANA","A"
"08125","B.C.COOP.DI NUSCO","A"
"08126","C.R.A. DI MONTEPAONE","A"
"08129","C.R.A. DEL BELICE","A"
"08130","C.R.A. DI FENIS NUS E S. MARCEL","A"
"08132","C.R. DELLA VALLE DEI LAGHI","A"
"08133","C.R. DI MERANO","A"
"08134","C.R. DI MARLENGO","A"
"08135","C.R. DI MELTINA","A"
"08137","C.R. DI MEZZANO","A"
"08138","C.R. DI MEZZOCORONA","A"
"08139","C.R.MEZZOLOMBARDO E S.MICHELE A.","A"
"08140","C.R. DI MOENA","A"
"08142","C.R. DI MOLINA DI LEDRO","A"
"08145","C.R. DI MORI","A"
"08147","BANCA CREDITO COOP.DEL POLLINO","A"
"08148","C.R. DI MONGUELFO-CASIES-TESIDO","A"
"08149","C.R.A. DI BASCIANO","A"
"08150","C.R.A. DI CARLOPOLI","A"
"08153","C.R. BASSA VAL DI FIEMME","A"
"08154","BANCA CREDITO COOP.VALLO LUCANIA","A"
"08155","C.R. DI NALLES","A"
"08157","C.R. DI NATURNO","A"
"08161","CASSA RAIFFEISEN NOVA LEVANTE","A"
"08162","CASSA RAIFFEISEN DI NOVA PONENTE","A"
"08163","C.R. ALTA VALDISOLE E PEJO BCC","A"
"08165","C.R. DELLA VALLARSA","A"
"08166","C.R.A. DI VAL TORDINO","A"
"08167","C.R. DI OLLE B.C.C.","A"
"08168","C.R. DI OLTRESARCA","A"
"08175","C.R. DI PARCINES","A"
"08178","C.R. DI PERGINE VALSUGANA","A"
"08179","C.R. DI PINZOLO","A"
"08180","C.R. DI POVO E VIGO CORTESANO","A"
"08182","C.R. WIPPTAL","A"
"08183","CASSA RAIFFEISEN PRATO STELVIO","A"
"08184","C.R.ALTA VAL DI FIEMME B.C.COOP.","A"
"08185","C.R. DI PRESSANO","A"
"08186","BANCA ATESTINA DI CRED.COOP.","A"
"08187","C.R.RENON-RAIFFEISENKASSE RITTEN","A"
"08189","B.C.C.VALLE TRIGNO(MAFALDA S.S.)","A"
"08191","B.C.C. DI S.MARTINO IN PENSILIS","A"
"08192","C.R. GIUDICARIE E PAGANELLA","A"
"08197","C.R. DI RAGOLI E MONTAGNE","A"
"08200","C.R. NOVELLA E ALTA ANAUNIA BCC","A"
"08201","C.R. DI RIFIANO-CAINES","A"
"08206","C.R. DI RONCEGNO","A"
"08209","C.R. DI ROVERE' DELLA LUNA","A"
"08210","C.R.DI ROVERETO BANCA CRED.COOP.","A"
"08214","C.COOP.INTERPROV.LOMBARDO","A"
"08215","BANCA CRED.COOP.DI SCIGLIANO","A"
"08216","C.R.A. DI CAMPOROSSO  VAL NERVIA","A"
"08218","BANCA CRED.COOP. VULTURE VITALBA","A"
"08219","C.R.A. DI CIRCELLO","A"
"08220","C.R. DI SALORNO","A"
"08221","C.R. DI SAMONE BANCA CRED.COOP.","A"
"08226","C.R. DI S.MARTINO IN PASSIRIA","A"
"08229","C.R. DI SANTA MASSENZA","A"
"08231","C.R. DI ULTIMO","A"
"08232","C.R. DI SAONE","A"
"08233","C.R. DI SARENTINO","A"
"08234","C.R. DI SCENA","A"
"08235","C.R. DI SCURELLE","A"
"08238","C.R. DI SELVA GARDENA","A"
"08239","C.R. DI SENALES","A"
"08244","C.R. DI SILANDRO","A"
"08245","C.R. DI SOPRAMONTE","A"
"08248","C.R. DI SPIAZZO","A"
"08249","CASSA RAIFFEISEN STILVES-TRENS","A"
"08250","C.R. DI STORO","A"
"08251","C.R. DI STREMBO","A"
"08252","C.R. DI STRIGNO E SPERA","A"
"08253","B.C.C. DI TEORA ALTO OFANTO","A"
"08255","C.R. DELL'OLTRADIGE","A"
"08256","C.R.A. DI CERVINO E DURAZZANO","A"
"08258","CASSA CREDITO COOP.MEDIO JONIO","A"
"08262","C.R.A. DI RAVENNA E RUSSI","A"
"08263","C.R.D'ANAUNIA BCA CR.COOP.-TAIO","A"
"08264","C.R. DI TASSULLO  E NANNO","A"
"08265","C.R. DI TELVE","A"
"08269","C.R. DI TERLANO","A"
"08273","C.R. DI TESIMO","A"
"08276","C.R. DI TIONE DI TRENTO","A"
"08277","C.R. DI TIRES","A"
"08278","CASSA RAIFFEISEN TIROLO","A"
"08279","C.R. DI PRIMIERO","A"
"08281","C.R. DI TUBRE","A"
"08282","C.R.DI TUENNO BANCA CRED.COOP.","A"
"08283","C.R.A. JONICA S. CATERINA","A"
"08284","C.R.A. DELL'OLTREPO' PAVESE","A"
"08285","C.R. DI TURES-AURINA","A"
"08291","B.C.C. VALLE RAIO-TORNIMPARTE","A"
"08295","C.R. VANDOIES","A"
"08296","C.R. DI VERMIGLIO","A"
"08301","C.R. DEL LOMASO B.C.C.","A"
"08302","C.R. DI VILLABASSA","A"
"08304","C.R. DI VILLAZZANO E TRENTO","A"
"08305","C.R. ALTA VALLAGARINA","A"
"08307","CASSA RAIFFEISEN VALLE ISARCO","A"
"08308","C.R.A. DI VENTICANO","A"
"08309","B.C.COOP.R.D'EZZELINO C.LUSIANA","A"
"08310","C.R.A. B.C.C. DI CALABRITTO","A"
"08311","C.R.A. DI COSTERMANO","A"
"08315","B.C.COOP. MARANO DI VALPOLICELLA","A"
"08316","C.R.PINETANA FORNACE E SEREGNANO","A"
"08320","C.R.A. DI ALTAVILLA SILENTINA","A"
"08322","BANCA VERONESE C.C.CONCAMARISE","A"
"08324","B.C.C.BASSO LODIGIANO C.BANINI","A"
"08325","C.R.A. DEL MUGELLO","A"
"08326","BANCA CR.COOP.CATTEDRALE ADRIA","A"
"08327","BANCA CREDITO COOP.DI ROMA","A"
"08329","C.R.A. DELL'ALTA BRIANZA","A"
"08330","BANCA CRED.COOP.BASSA FRIULANA","A"
"08331","BANCA CRED.COOP.DELL'ALTO RENO","A"
"08332","BANCA PICENA TRUENTINA CRED.COOP","A"
"08334","B.C.C. S.FELICITA M. DI AFFILE","A"
"08338","BANCA CREDITO COOP.ALBEROBELLO","A"
"08340","C.R.A. PADANA SCRL","A"
"08341","BANCA CREDITO COOP.DI ALTOFONTE","A"
"08342","C.R.A. DI AQUARA","A"
"08343","C.R.A. DI AMATRICE","A"
"08344","BANCA CREDITO COOP.DI ANAGNI","A"
"08345","C.R.A. DI ANGHIARI","A"
"08350","C.R.ARGELATO E BOLOGNA CRED.COOP","A"
"03312","BANCA MERCANTILE ITALIANA","A"
"03325","BANCA MORGAN STANLEY","A"
"03328","BANCA NAZIONALE DELL'AGRICOLTURA","A"
"03332","BANCA PASSADORE & C.","A"
"03336","CREDITO BERGAMASCO","A"
"03376","BANCA S. PAOLO DI BRESCIA","A"
"03377","NATIONAL WESTMINSTER BANK","A"
"03380","BANK OF AMERICA NT. AND SA.","A"
"03381","BANK SEPAH","A"
"03388","BANCA STABIESE","A"
"03400","BANCA TOSCANA","A"
"03418","BANKERS TRUST INTERNATIONAL PLC","A"
"03424","BANCO CHIAVARI E RIVIERA LIGURE","A"
"03425","BANCO DI CREDITO P.AZZOAGLIO","A"
"03428","BANCO DI CREDITO SICILIANO","A"
"03432","CREDIT AGRICOLE INDOSUEZ","A"
"03440","BANCO DI DESIO E DELLA BRIANZA","A"
"03456","BANCA APULIA SPA","A"
"03465","BANCO DO BRASIL","A"
"03466","BANCO CENTRAL HISPANO","A"
"03475","ING BANK","A"
"03477","RIEGER BANK AG","A"
"03479","BNP PARIBAS SECURITIES SERVICES","A"
"03481","CITCO BANK NEDERLAND N.V.","A"
"03482","RABOBANK NEDERLAND COOP.C.RAIFF.","A"
"03485","BANQUE NATIONALE DE PARIS","A"
"03487","THE BANK OF TOKYO MITSUBISHI LTD","A"
"03488","CASSA LOMBARDA","A"
"03489","INDUSTRIAL BANK OF JAPAN","A"
"03490","BANQUE BRUXELLES LAMBERT","A"
"03492","CASSA SAN GIACOMO","A"
"03493","CASSA CEN.RAIFFEISEN ALTO ADIGE","A"
"03494","CHASE MANHATTAN BANK","A"
"03496","CREDIT COMMERCIAL DE FRANCE","A"
"03497","CREDIT LYONNAIS","A"
"03499","THE SUMITOMO BANK LTD. FILIT","A"
"03500","BANCO DI BRESCIA S.PAOLO CAB","A"
"03502","BANCO SANTANDER","A"
"03512","CREDITO ARTIGIANO","A"
"03530","CREDITO INDUSTRIALE SAMMARINESE","A"
"03556","ROLO BANCA 1473 SPA","A"
"03561","ARAB BANKING CORPORATION","A"
"03563","DRESDNER BANK","A"
"03566","CITYBANK N.A.","A"
"03567","MORGAN GUARANTY TRUST CO N.Y.","A"
"03576","BANCO BILBAO VIZCAYA","A"
"03579","THE FUJI BANK LTD","A"
"03582","THE DAI ICHI KANGYO BANK LTD","A"
"03583","BANQUE WORMS S.A.","A"
"03586","WESTDEUTSCHE LANDESBANK ITALIA","A"
"03589","RASBANK","A"
"03590","REPUBLIC NAT. BANK OF NEW YORK","A"
"03593","SOCIETE GENERALE","A"
"03595","GENERAL BANK","A"
"03598","U.B.A.E.ARAB ITALIAN BANK","A"
"03599","CASSA CENTR.CASSE RUR.TRENTINE","A"
"03600","NUOVA BANCA DI CRED. DI TRIESTE","A"
"05000","IST.CENTR.BANCHE POP.ITAL.","A"
"05008","BANCA AGRICOLA","A"
"05009","BANCA POPOLARE DI FORLI'","A"
"05010","BANCA POPOLARE DI RHO","A"
"05011","BANCA POP.DELLA VAL D'AGRI","A"
"05012","BANCA AGRICOLA POPOLARE DI CEREA","A"
"05013","BANCA POP.FERRARA ROVIGO BPFR","A"
"05014","BANCA POP. SESTO S.GIOVANNI","A"
"05015","BANCA POP. PROVINCIALE LECCHESE","A"
"05017","BANCA POPOLARE DEL TICINO","A"
"05018","BANCA POPOLARE ETICA","A"
"05019","BANCA POPOLARE DI CIVIDALE","A"
"05021","BANCA POPOLARE DEL SINNI","A"
"05022","BP CREDIEUNORD","A"
"05023","BANCA POPOLARE DI SVILUPPO","A"
"05024","BANCA AGRICOLA MANTOVANA","A"
"05025","BANCA FARNESE SCPARL","A"
"05036","BANCA AGRICOLA POPOL. DI RAGUSA","A"
"05040","BANCA ANTONIANA POP.VENETA SPA","A"
"05044","BANCA CATTOLICA S.P.A.","A"
"05048","BANCA POP.COMMERCIO E INDUSTRIA","A"
"05060","BANCA COOPERATIVA CATTOLICA","A"
"05064","BANCA COMMERCIALE DI MAZARA SPA","A"
"05080","BANCA DI IMOLA","A"
"05104","BANCA POPOLARE DEL LAZIO SCARL","A"
"05116","BANCA COOP.VALSABBINA","A"
"05132","BANCA DEL POPOLO","A"
"05141","BANCA CREDITO POP.SIRACUSA","A"
"05142","BANCA CREDITO POP.T.DEL GRECO","A"
"05144","COOPERBANCA S.P.A.","A"
"05156","BANCA DI PIACENZA","A"
"05161","BANCA POP.PROVINCIA BELLUNO","A"
"05164","BANCA POP.DI LODI","A"
"05180","BANCA POP.DI BRONTE SCARL","A"
"05187","BANCA POPOLARE EMILIA ROMAGNA AG. 2","M"
"05188","B.POP.DI VERONA E NOVARA","A"
"05200","BANCA POP.DI BELPASSO","A"
"05204","BANCA POPOLARE DI MANTOVA","A"
"05216","CREDITO VALTELLINESE","A"
"05228","BANCA POP.DI CREMA","A"
"05232","BANCA POP. DI LAJATICO SCARL","A"
"05244","BANCA POP.ANDRIESE","A"
"05248","BANCA POP.PIVA VALDOBBIADENE","A"
"05256","BANCA POP. DI CROTONE","A"
"05262","BANCA POP.PUGLIESE SCARL","A"
"05284","BANCA POP. COOP. DI CALATAFIMI","A"
"05290","BANCA POP. DEL TRENTINO","A"
"05296","BANCA POP.DI FONDI","A"
"05297","BANCA POP.DEL FRUSINATE","A"
"05308","BANCA POP.DI ANCONA","A"
"05332","NUOVA BANCA MEDITERRANEA SPA","A"
"05336","BANCA POP. FRIULADRIA","A"
"05352","BANCA POP.DI TODI","A"
"05360","BANCA POP.UDINESE","A"
"05372","BANCA POP.DEL CASSINATE","A"
"05384","BANCA POP.DELLA MARSICA","A"
"05385","BANCA POP.PUGLIA E BASILICATA","A"
"05387","BANCA POP.DELL'EMILIA ROMAGNA","A"
"05390","BANCA POP.DELL'ETRURIA DEL LAZIO","A"
"05392","BANCA DELLA CAMPANIA S.p.A.","A"
"05398","BANCA POP.DEL MATERANO","A"
"05400","BANCA POP.DEL MOLISE","A"
"05408","BANCA POP. DI ABBIATEGRASSO","A"
"05414","BANCA POP.DI APRILIA","A"
"05418","VENETO BANCA","A"
"05420","BANCA POP.DI AUGUSTA","A"
"05424","BANCA POP.DI BARI","A"
"05428","BANCA POP.BERGAMO CRED.VARESINO","A"
"05437","BIPOP CARIRE SPA","A"
"05452","BANCA POP.DI CARINI","A"
"05460","BANCA POP.DI CASTELFRANCO VENETO","A"
"05467","BANCA POP.CASTROVILLARI COR.C.","A"
"05470","BANCA POP. ARIANO VALLE UFITA","A"
"05484","BANCA DI CIVIDALE SPA","A"
"05496","BANCA POP.DI CORTONA","A"
"05512","BANCA POP.DI CREMONA","A"
